"DESCRIPTION","DURATION IN MS","NAME","PARENT SUITE","START TIME","STATUS","STOP TIME","SUB SUITE","SUITE","TEST CLASS","TEST METHOD"
"","1906","User login with wrong email or password","LMS system","2026-10-01","passed","2026-10-01","Authorization","Authentication","",""
"","1854","User login with wrong email or password","LMS system","2026-10-01","passed","2026-10-01","Authorization","Authentication","",""
"","1500","Check displaying of empty courses list","LMS system","2026-10-01","passed","2026-10-01","Courses","Courses","",""
"","2395","Create course","LMS system","2026-10-01","passed","2026-10-01","Courses","Courses","",""
"","5064","Edit course","LMS system","2026-10-01","passed","2026-10-01","Courses","Courses","",""
"","1350","User login with wrong email or password","LMS system","2026-10-01","passed","2026-10-01","Authorization","Authentication","",""
"","1699","Registration with correct email, username and password","LMS system","2026-10-01","passed","2026-10-01","Registration","Authentication","",""
"","7437","User login with correct email and password","LMS system","2026-10-01","passed","2026-10-01","Authorization","Authentication","",""
"","2744","Create course","LMS system","2026-10-01","passed","2026-10-01","Courses","Courses","",""
"","1579","User login with wrong email or password","LMS system","2026-10-01","passed","2026-10-01","Authorization","Authentication","",""
"","1406","Navigation from login page to registration page","LMS system","2026-10-01","passed","2026-10-01","Authorization","Authentication","",""
"","1814","Check displaying of dashboard page","LMS system","2026-10-01","passed","2026-10-01","Dashboard","Dashboard","",""
"","3894","Edit course","LMS system","2026-10-01","passed","2026-10-01","Courses","Courses","",""
"","1499","Check displaying of empty courses list","LMS system","2026-10-01","passed","2026-10-01","Courses","Courses","",""
"","1588","User login with wrong email or password","LMS system","2026-10-01","passed","2026-10-01","Authorization","Authentication","",""
"","1914","Registration with correct email, username and password","LMS system","2026-10-01","passed","2026-10-01","Registration","Authentication","",""
"","1906","Check displaying of dashboard page","LMS system","2026-10-01","passed","2026-10-01","Dashboard","Dashboard","",""
"","1557","Navigation from login page to registration page","LMS system","2026-10-01","passed","2026-10-01","Authorization","Authentication","",""
"","1637","User login with wrong email or password","LMS system","2026-10-01","passed","2026-10-01","Authorization","Authentication","",""
"","3103","User login with correct email and password","LMS system","2026-10-01","passed","2026-10-01","Authorization","Authentication","",""
